Time,CHIRPS1,Actual,Selaud
01/01/2015,30.15979,,15.053095
02/01/2015,10.053264,,30.10619
03/01/2015,0,,30.10619
04/01/2015,0,,0
05/01/2015,0,,0
06/01/2015,6.0031056,,10.640959
07/01/2015,0,,0
08/01/2015,0,,0
09/01/2015,0,,0
10/01/2015,6.0031056,,0
11/01/2015,0,,0
12/01/2015,10.063841,,0
13/01/2015,0,,0
14/01/2015,0,,0
15/01/2015,10.063841,,0
16/01/2015,0,,0
17/01/2015,0,,0
18/01/2015,18.298658,,0
19/01/2015,27.447987,,0
20/01/2015,18.298658,,30.518
21/01/2015,29.496769,,44.627644
22/01/2015,0,,22.313822
23/01/2015,0,,0
24/01/2015,0,,0
25/01/2015,0,,0
26/01/2015,0,,0
27/01/2015,0,,11.551654
28/01/2015,0,,0
29/01/2015,0,,0
30/01/2015,0,,0
31/01/2015,3.9209719,,11.551654
01/02/2015,0,,0
02/02/2015,7.0395446,,11.341831
03/02/2015,0,,0
04/02/2015,0,,0
05/02/2015,0,,0
06/02/2015,0,,0
07/02/2015,0,,0
08/02/2015,0,,0
09/02/2015,0,,0
10/02/2015,0,,0
11/02/2015,0,,0
12/02/2015,0,,0
13/02/2015,0,,0
14/02/2015,0,,0
15/02/2015,0,,0
16/02/2015,1.259069,,0
17/02/2015,0,,0
18/02/2015,0,,0
19/02/2015,0,,3.4813154
20/02/2015,0,,3.4813154
21/02/2015,0,,0
22/02/2015,0,,0
23/02/2015,0,,0
24/02/2015,0,,0
25/02/2015,0,,0
26/02/2015,0,,0
27/02/2015,0,,0
28/02/2015,0,,0
01/03/2015,0,,0
02/03/2015,0,,0
03/03/2015,0,,26.541534
04/03/2015,0,,0
05/03/2015,14.468472,,0
06/03/2015,0,,0
07/03/2015,0,,0
08/03/2015,0,,0
09/03/2015,0,,0
10/03/2015,0,,0
11/03/2015,0,,0
12/03/2015,0,,0
13/03/2015,0,,0
14/03/2015,0,,0
15/03/2015,0,,0
16/03/2015,0,,0
17/03/2015,0,,0
18/03/2015,0,,0
19/03/2015,0,,0
20/03/2015,0,,0
21/03/2015,0,,0
22/03/2015,0,,0
23/03/2015,0,,0
24/03/2015,0,,0
25/03/2015,0,,0
26/03/2015,0,,0
27/03/2015,0,,0
28/03/2015,0,,0
29/03/2015,0,,0
30/03/2015,0,,0
31/03/2015,0,,0
01/04/2015,0,,6.9660683
02/04/2015,0,,0
03/04/2015,0,,0
04/04/2015,3.5419304,,0
05/04/2015,0,,6.9660683
06/04/2015,0,,0
07/04/2015,0,,0
08/04/2015,0,,20.484602
09/04/2015,0,,0
10/04/2015,0,,0
11/04/2015,0,,0
12/04/2015,0,,0
13/04/2015,0,,0
14/04/2015,0,,0
15/04/2015,0,,0
16/04/2015,7.382673,,0
17/04/2015,0,,7.2124133
18/04/2015,0,,0
19/04/2015,14.765346,,21.63724
20/04/2015,0,,0
21/04/2015,0,,0
22/04/2015,0,,0
23/04/2015,0,,0
24/04/2015,0,,0
25/04/2015,0,,0
26/04/2015,0,,8.829923
27/04/2015,0,,0
28/04/2015,7.8924975,,0
29/04/2015,15.784995,,8.829923
30/04/2015,7.8924975,,17.659845
01/05/2015,0,,0
02/05/2015,2.42806,,0
03/05/2015,5.5498514,,8.279343
04/05/2015,4.85612,,7.2444243
05/05/2015,4.85612,,14.488849
06/05/2015,4.608288,,16.373232
07/05/2015,0,,0
08/05/2015,0,,0
09/05/2015,0,,0
10/05/2015,4.608288,,0
11/05/2015,0,,0
12/05/2015,0,,0
13/05/2015,11.680674,,0
14/05/2015,11.680674,,5.5670223
15/05/2015,0,,11.134045
16/05/2015,0,,0
17/05/2015,0,,0
18/05/2015,0,,13.711581
19/05/2015,0,,13.711581
20/05/2015,11.939358,,13.711581
21/05/2015,0,,7.7692904
22/05/2015,16.26095,,0
23/05/2015,0,,0
24/05/2015,8.130475,,7.7692904
25/05/2015,24.391426,,15.538581
26/05/2015,4.6109567,,7.7526393
27/05/2015,0,,0
28/05/2015,0,,3.8763196
29/05/2015,4.6109567,,0
30/05/2015,4.6109567,,3.8763196
31/05/2015,0,,3.8763196
01/06/2015,12.545885,,4.430262
02/06/2015,12.545885,,13.290787
03/06/2015,0,,0
04/06/2015,0,,4.430262
05/06/2015,12.545885,,8.860524
06/06/2015,10.41558,,0
07/06/2015,10.41558,,0
08/06/2015,0,,0
09/06/2015,10.41558,,18.330162
10/06/2015,0,,0
11/06/2015,10.520687,,2.1143215
12/06/2015,5.2603436,,4.228643
13/06/2015,26.30172,,4.228643
14/06/2015,21.041374,,4.228643
15/06/2015,15.78103,,6.3429646
16/06/2015,70.91652,,35.938705
17/06/2015,30.392796,,28.750963
18/06/2015,0,,0
19/06/2015,0,,0
20/06/2015,0,,0
21/06/2015,0,,23.174675
22/06/2015,23.486902,,0
23/06/2015,0,,7.724891
24/06/2015,0,,0
25/06/2015,0,,0
26/06/2015,0,,0
27/06/2015,0,,0
28/06/2015,0,,7.0919876
29/06/2015,18.177687,,7.0919876
30/06/2015,0,,0
01/07/2015,9.22542,,6.9598756
02/07/2015,13.838129,,6.9598756
03/07/2015,4.61271,,0
04/07/2015,9.22542,,20.879627
05/07/2015,9.22542,,6.9598756
06/07/2015,0,,0
07/07/2015,0,,0
08/07/2015,6.4434075,,6.7898755
09/07/2015,32.217033,,20.369627
10/07/2015,0,,0
11/07/2015,0,,0
12/07/2015,0,,10.27113
13/07/2015,24.348192,,10.27113
14/07/2015,0,,15.406694
15/07/2015,0,,5.135565
16/07/2015,3.236805,,5.6060367
17/07/2015,0,,5.6060367
18/07/2015,0,,0
19/07/2015,0,,0
20/07/2015,0,,0
21/07/2015,0,,0
22/07/2015,34.81255,,12.710645
23/07/2015,0,,0
24/07/2015,34.81255,,12.710645
25/07/2015,0,,12.710645
26/07/2015,33.459034,,5.3656425
27/07/2015,11.153011,,5.3656425
28/07/2015,11.153011,,16.096928
29/07/2015,11.153011,,0
30/07/2015,11.153011,,0
31/07/2015,33.459034,,16.096928
01/08/2015,29.819895,,0
02/08/2015,0,,0
03/08/2015,29.819895,,9.446051
04/08/2015,39.75986,,28.338152
05/08/2015,19.87993,,28.338152
06/08/2015,19.232635,,17.988903
07/08/2015,14.424476,,11.992602
08/08/2015,10.990078,,13.705832
09/08/2015,4.808159,,11.992602
10/08/2015,4.808159,,5.996301
11/08/2015,0,,0
12/08/2015,4.561146,,0
13/08/2015,9.122292,,10.646311
14/08/2015,4.561146,,0
15/08/2015,4.561146,,10.646311
16/08/2015,0,,0
17/08/2015,10.058351,,15.1428
18/08/2015,5.0291753,,0
19/08/2015,0,,0
20/08/2015,0,,0
21/08/2015,6.715784,,0
22/08/2015,0,,0
23/08/2015,0,,7.2435226
24/08/2015,13.431568,,10.865284
25/08/2015,3.357892,,0
26/08/2015,8.812693,,0
27/08/2015,0,,0
28/08/2015,0,,0
29/08/2015,0,,16.139154
30/08/2015,35.25077,,32.27831
31/08/2015,0,,0
01/09/2015,0,,0
02/09/2015,0,,0
03/09/2015,0,,0
04/09/2015,8.104527,,3.5802748
05/09/2015,8.104527,,7.1605496
06/09/2015,19.832022,,13.384407
07/09/2015,9.916011,,26.768814
08/09/2015,9.916011,,0
09/09/2015,9.916011,,13.384407
10/09/2015,9.916011,,13.384407
11/09/2015,0,,0
12/09/2015,0,,0
13/09/2015,0,,0
14/09/2015,12.295329,,0
15/09/2015,24.590658,,14.937428
16/09/2015,4.259459,,0
17/09/2015,0,,0
18/09/2015,0,,0
19/09/2015,0,,0
20/09/2015,0,,0
21/09/2015,6.3596935,,0
22/09/2015,19.079079,,4.5027504
23/09/2015,0,,0
24/09/2015,0,,0
25/09/2015,0,,4.5027504
26/09/2015,11.106239,,6.3730783
27/09/2015,3.70208,,6.3730783
28/09/2015,3.70208,,0
29/09/2015,3.70208,,6.3730783
30/09/2015,3.70208,,0
01/10/2015,0,,7.630956
02/10/2015,21.846218,,15.261912
03/10/2015,0,,7.630956
04/10/2015,0,,0
05/10/2015,7.2820725,,0
06/10/2015,0,,6.2158647
07/10/2015,4.7853813,,6.2158647
08/10/2015,0,,12.431729
09/10/2015,4.7853813,,6.2158647
10/10/2015,9.570763,,6.2158647
11/10/2015,6.8795357,,0
12/10/2015,13.759071,,0
13/10/2015,0,,28.53418
14/10/2015,0,,0
15/10/2015,13.759071,,0
16/10/2015,9.306684,,11.007365
17/10/2015,46.53342,,22.01473
18/10/2015,27.920052,,33.022095
19/10/2015,37.226734,,0
20/10/2015,0,,0
21/10/2015,26.978802,,9.149999
22/10/2015,26.978802,,27.449997
23/10/2015,20.2341,,18.299997
24/10/2015,0,,0
25/10/2015,0,,0
26/10/2015,0,,0
27/10/2015,0,,0
28/10/2015,0,,0
29/10/2015,0,,0
30/10/2015,0,,0
31/10/2015,0,,0
01/11/2015,5.920244,,0
02/11/2015,11.840488,,47.5
03/11/2015,17.760733,,7.5
04/11/2015,0,,56.5
05/11/2015,11.840488,,40.5
06/11/2015,11.087539,,0
07/11/2015,5.5437694,,0
08/11/2015,16.631308,,0.5
09/11/2015,5.5437694,,70.5
10/11/2015,22.175077,,3
11/11/2015,11.287578,,0
12/11/2015,0,,0
13/11/2015,5.643789,,0
14/11/2015,0,,0
15/11/2015,5.643789,,0.5
16/11/2015,10.600557,,0
17/11/2015,31.801672,,1
18/11/2015,0,,8
19/11/2015,0,,20
20/11/2015,0,,0
21/11/2015,0,,0
22/11/2015,0,,1.5
23/11/2015,0,,0
24/11/2015,104.615265,,0
25/11/2015,0,,26.5
26/11/2015,0,,0
27/11/2015,0,,1
28/11/2015,7.651524,,0
29/11/2015,7.651524,,2
30/11/2015,0,,0
01/12/2015,0,,0
02/12/2015,0,,0
03/12/2015,0,,38.5
04/12/2015,0,,20
05/12/2015,0,,32
06/12/2015,0,,0
07/12/2015,0,,0
08/12/2015,0,,8.5
09/12/2015,23.436287,,26.5
10/12/2015,11.718143,,0
11/12/2015,0,,27.5
12/12/2015,0,,1
13/12/2015,0,,0
14/12/2015,0,,0
15/12/2015,35.259262,,0
16/12/2015,17.933523,,79.5
17/12/2015,53.80057,,6.5
18/12/2015,17.933523,,57
19/12/2015,17.933523,,3
20/12/2015,17.933523,,2.5
21/12/2015,18.85029,,28.5
22/12/2015,0,,1
23/12/2015,0,,0
24/12/2015,0,,0
25/12/2015,0,,0
26/12/2015,0,,0
27/12/2015,0,,0
28/12/2015,0,,0
29/12/2015,0,,0
30/12/2015,0,,0
31/12/2015,0,,0
01/01/2016,0,,0
02/01/2016,0,,0
03/01/2016,0,,0
04/01/2016,5.020718,,0
05/01/2016,0,,0
06/01/2016,0,,0
07/01/2016,0,,0
08/01/2016,0,,0
09/01/2016,0,,0
10/01/2016,0,,0
11/01/2016,4.9067626,,0
12/01/2016,0,,0
13/01/2016,0,,0
14/01/2016,0,,0
15/01/2016,0,,0
16/01/2016,0,,0
17/01/2016,0,,0
18/01/2016,0,,0
19/01/2016,0,,0
20/01/2016,0,,0
21/01/2016,7.4561243,,0
22/01/2016,0,,0
23/01/2016,0,,0
24/01/2016,0,,0
25/01/2016,0,,0
26/01/2016,0,,0
27/01/2016,0,,0
28/01/2016,0,,0
29/01/2016,8.766574,,0
30/01/2016,0,,0
31/01/2016,0,,0
01/02/2016,0,,0
02/02/2016,0,,0
03/02/2016,0,,1
04/02/2016,0,,0
05/02/2016,0,,0
06/02/2016,0,,0
07/02/2016,0,,1
08/02/2016,0,,2
09/02/2016,0,,3
10/02/2016,0,,0
11/02/2016,0,,0
12/02/2016,0,,0
13/02/2016,0,,0
14/02/2016,2.7877471,,0
15/02/2016,0,,0
16/02/2016,0,,0
17/02/2016,0,,0
18/02/2016,0,,5
19/02/2016,0,,0
20/02/2016,0,,0
21/02/2016,0,,0
22/02/2016,0,,0
23/02/2016,0,,0
24/02/2016,0,,0
25/02/2016,0,,0
26/02/2016,0,,0
27/02/2016,0,,0
28/02/2016,0,,0
29/02/2016,0,,0
01/03/2016,0,,0
02/03/2016,0,,0
03/03/2016,0,,0
04/03/2016,0,,0
05/03/2016,0,,0
06/03/2016,0,,0
07/03/2016,0,,0
08/03/2016,0,,0
09/03/2016,0,,0
10/03/2016,0,,0
11/03/2016,0,,0
12/03/2016,0,,0
13/03/2016,0,,0
14/03/2016,4.245539,,0
15/03/2016,0,,0
16/03/2016,0,,0
17/03/2016,0,,0
18/03/2016,7.198884,,6.498925
19/03/2016,4.8431897,,0
20/03/2016,0,,0
21/03/2016,0,,0
22/03/2016,0,,0
23/03/2016,0,,0
24/03/2016,0,,0
25/03/2016,0,,0
26/03/2016,0,,0
27/03/2016,0,,0
28/03/2016,0,,0
29/03/2016,0,,0
30/03/2016,6.6817193,,11.964205
31/03/2016,0,,0
01/04/2016,0,,0
02/04/2016,0,,0
03/04/2016,0,,0
04/04/2016,0,,0
05/04/2016,0,,0
06/04/2016,0,,0
07/04/2016,0,,0
08/04/2016,0,,0
09/04/2016,0,,0
10/04/2016,23.933548,,57.836407
11/04/2016,0,,11.558343
12/04/2016,15.155245,,11.558343
13/04/2016,15.155245,,34.675026
14/04/2016,0,,0
15/04/2016,7.5776224,,11.558343
16/04/2016,0,,15.472662
17/04/2016,0,,0
18/04/2016,0,,0
19/04/2016,0,,0
20/04/2016,0,,0
21/04/2016,0,,0
22/04/2016,0,,0
23/04/2016,0,,1
24/04/2016,0,,0
25/04/2016,0,,0
26/04/2016,16.328558,,0
27/04/2016,0,,0
28/04/2016,0,,0
29/04/2016,16.328558,,0
30/04/2016,0,,56
01/05/2016,0,,0
02/05/2016,0,,0
03/05/2016,7.833515,,0
04/05/2016,0,,11.5
05/05/2016,0,,1.5
06/05/2016,0,,0
07/05/2016,0,,7.5
08/05/2016,0,,0
09/05/2016,20.720434,,32
10/05/2016,0,,0.5
11/05/2016,6.103095,,0
12/05/2016,12.20619,,0
13/05/2016,0,,17
14/05/2016,0,,10
15/05/2016,0,,6
16/05/2016,13.74924,,31
17/05/2016,13.74924,,0
18/05/2016,0,,8
19/05/2016,0,,0
20/05/2016,0,,0
21/05/2016,0,,0
22/05/2016,6.1182117,,0
23/05/2016,0,,5
24/05/2016,0,,7.5
25/05/2016,6.1182117,,0
26/05/2016,0,,0
27/05/2016,0,,0
28/05/2016,0,,0
29/05/2016,4.2834077,,0
30/05/2016,8.566815,,4.5
31/05/2016,21.41704,,26.5
01/06/2016,13.4558525,,42.5
02/06/2016,0,,2
03/06/2016,0,,0.5
04/06/2016,13.4558525,,0
05/06/2016,6.7279263,,59.5
06/06/2016,0,,0
07/06/2016,0,,0
08/06/2016,0,,0
09/06/2016,0,,0
10/06/2016,5.5295815,,0
11/06/2016,8.265221,,0
12/06/2016,33.060883,,0.5
13/06/2016,0,,10.5
14/06/2016,0,,0
15/06/2016,0,,1.5
16/06/2016,17.359186,,0
17/06/2016,8.679593,,0
18/06/2016,0,,0
19/06/2016,52.07756,,9.5
20/06/2016,17.359186,,23.5
21/06/2016,0,,0.5
22/06/2016,26.41448,,0
23/06/2016,26.41448,,31
24/06/2016,0,,2
25/06/2016,0,,0
26/06/2016,10.512926,,11
27/06/2016,21.025852,,0
28/06/2016,0,,18
29/06/2016,0,,0
30/06/2016,0,,0
01/07/2016,4.127672,,0
02/07/2016,4.127672,,0
03/07/2016,0,,0
04/07/2016,0,,0
05/07/2016,0,,0
06/07/2016,0,,0
07/07/2016,0,,0
08/07/2016,8.466426,,0
09/07/2016,4.233213,,0
10/07/2016,4.233213,,0
11/07/2016,0,,0
12/07/2016,0,,0
13/07/2016,0,,0
14/07/2016,0,,0
15/07/2016,7.409443,,0
16/07/2016,14.664539,,3
17/07/2016,14.664539,,45
18/07/2016,0,,1
19/07/2016,14.664539,,2.5
20/07/2016,14.664539,,19
21/07/2016,8.398022,,20.5
22/07/2016,25.194067,,9.5
23/07/2016,8.398022,,0
24/07/2016,8.398022,,29
25/07/2016,41.99011,,30
26/07/2016,33.13092,,3
27/07/2016,8.28273,,14.5
28/07/2016,8.28273,,12
29/07/2016,16.56546,,0
30/07/2016,57.97911,,27
31/07/2016,24.848188,,79
01/08/2016,53.997948,,15.5
02/08/2016,32.398766,,8
03/08/2016,0,,4
04/08/2016,0,,0
05/08/2016,0,,2.5
06/08/2016,23.756783,,0
07/08/2016,7.918928,,0
08/08/2016,0,,1
09/08/2016,0,,0
10/08/2016,15.837856,,0
11/08/2016,0,,10
12/08/2016,0,,0
13/08/2016,0,,0
14/08/2016,0,,0
15/08/2016,0,,18.5
16/08/2016,11.053316,,0
17/08/2016,0,,0.5
18/08/2016,0,,0
19/08/2016,0,,0
20/08/2016,11.053316,,0
21/08/2016,0,,1.5
22/08/2016,28.40349,,5.5
23/08/2016,0,,9.5
24/08/2016,4.733915,,2
25/08/2016,0,,0
26/08/2016,33.362377,,0
27/08/2016,16.681189,,0.5
28/08/2016,16.681189,,2.5
29/08/2016,0,,4.5
30/08/2016,25.021784,,0.5
31/08/2016,8.340594,,3
01/09/2016,10.683308,,0
02/09/2016,0,,4.5
03/09/2016,0,,0.5
04/09/2016,10.683308,,0
05/09/2016,10.683308,,0
06/09/2016,27.588987,,0
07/09/2016,9.196328,,0.5
08/09/2016,27.588987,,2.5
09/09/2016,27.588987,,16.5
10/09/2016,27.588987,,50
11/09/2016,5.46,,52.5
12/09/2016,0,,2
13/09/2016,0,,1.5
14/09/2016,0,,0
15/09/2016,5.46,,0
16/09/2016,12.650415,,0
17/09/2016,4.216805,,37.5
18/09/2016,0,,12.5
19/09/2016,0,,11
20/09/2016,16.86722,,4.5
21/09/2016,6.4987707,,3
22/09/2016,12.997541,,6
23/09/2016,0,,6.5
24/09/2016,0,,7.5
25/09/2016,6.4987707,,0
26/09/2016,2.8289683,,0
27/09/2016,5.6579366,,0.5
28/09/2016,8.486905,,0
29/09/2016,5.6579366,,0
30/09/2016,0,,5
01/10/2016,0,,0.5
02/10/2016,8.205371,,0
03/10/2016,0,,0
04/10/2016,24.616114,,0
05/10/2016,8.205371,,0
06/10/2016,23.058027,,0
07/10/2016,13.176016,,7.5
08/10/2016,0,,11.5
09/10/2016,11.529014,,4
10/10/2016,0,,0
11/10/2016,8.197455,,14.5
12/10/2016,8.197455,,0
13/10/2016,0,,0
14/10/2016,16.39491,,0
15/10/2016,8.197455,,2
16/10/2016,13.036232,,0
17/10/2016,6.518116,,0
18/10/2016,13.036232,,27
19/10/2016,0,,1
20/10/2016,6.518116,,0
21/10/2016,16.321312,,10.5
22/10/2016,0,,0
23/10/2016,0,,0
24/10/2016,0,,0.5
25/10/2016,16.321312,,43.5
26/10/2016,27.667076,,81.5
27/10/2016,9.222359,,10
28/10/2016,18.444717,,0.5
29/10/2016,0,,5
30/10/2016,9.222359,,0
31/10/2016,18.444717,,20
01/11/2016,26.105293,,31.5
02/11/2016,26.105293,,34.5
03/11/2016,26.105293,,0
04/11/2016,43.50882,,0
05/11/2016,26.105293,,0
06/11/2016,8.502355,,33.5
07/11/2016,0,,12
08/11/2016,0,,0.5
09/11/2016,8.502355,,0
10/11/2016,0,,0
11/11/2016,4.013466,,3
12/11/2016,4.013466,,0
13/11/2016,0,,0
14/11/2016,4.013466,,0
15/11/2016,0,,1.5
16/11/2016,3.7639098,,0.5
17/11/2016,0,,1
18/11/2016,7.5278196,,0
19/11/2016,0,,0
20/11/2016,7.5278196,,0
21/11/2016,0,,5.5
22/11/2016,0,,0
23/11/2016,19.121653,,3.5
24/11/2016,0,,23.5
25/11/2016,0,,0
26/11/2016,0,,0
27/11/2016,7.36889,,0
28/11/2016,0,,8.5
29/11/2016,7.36889,,0
30/11/2016,22.106668,,63.5
01/12/2016,6.6663747,,2.5
02/12/2016,19.999123,,2
03/12/2016,6.6663747,,6
04/12/2016,6.6663747,,4
05/12/2016,6.6663747,,3
06/12/2016,0,,0
07/12/2016,4.652963,,0
08/12/2016,18.611853,,1.5
09/12/2016,13.95889,,4
10/12/2016,13.95889,,13.5
11/12/2016,2.710742,,0.5
12/12/2016,0,,0
13/12/2016,0,,33.5
14/12/2016,2.710742,,0
15/12/2016,5.421484,,0
16/12/2016,0,,0.5
17/12/2016,0,,0
18/12/2016,0,,0.5
19/12/2016,0,,0.5
20/12/2016,0,,0
21/12/2016,0,,7.5
22/12/2016,0,,1
23/12/2016,13.744658,,0
24/12/2016,13.744658,,3
25/12/2016,0,,0
26/12/2016,4.4526243,,0
27/12/2016,13.357872,,0.5
28/12/2016,4.4526243,,73.5
29/12/2016,8.905249,,0.5
30/12/2016,0,,20.5
31/12/2016,8.905249,,0
01/01/2017,7.8067617,,0.5
02/01/2017,0,,0
03/01/2017,0,,0.5
04/01/2017,0,,1
05/01/2017,7.8067617,,0
06/01/2017,0,,13.5
07/01/2017,0,,0.5
08/01/2017,2.7512977,,0
09/01/2017,0,,12.5
10/01/2017,0,,0
11/01/2017,2.5361226,,0
12/01/2017,7.608368,,0
13/01/2017,2.5361226,,0
14/01/2017,0,,35
15/01/2017,0,,4
16/01/2017,0,,0.5
17/01/2017,3.353123,,0
18/01/2017,10.059369,,10
19/01/2017,10.059369,,3
20/01/2017,3.353123,,2
21/01/2017,14.540329,,0.5
22/01/2017,14.540329,,9
23/01/2017,0,,6
24/01/2017,0,,0
25/01/2017,4.846776,,3
26/01/2017,0,,1
27/01/2017,0,,0
28/01/2017,0,,0.5
29/01/2017,0,,0
30/01/2017,4.901102,,0
31/01/2017,7.351653,,0
01/02/2017,5.759733,,0
02/02/2017,2.8798666,,39.5
03/02/2017,0,,1
04/02/2017,0,,4
05/02/2017,0,,0
06/02/2017,0,,16
07/02/2017,0,,13
08/02/2017,0,,0
09/02/2017,0,,0.5
10/02/2017,0,,0
11/02/2017,0,,0
12/02/2017,0,,0
13/02/2017,0,,0
14/02/2017,0,,0
15/02/2017,0,,0
16/02/2017,0,,0
17/02/2017,1.002336,,0
18/02/2017,2.004672,,1.5
19/02/2017,1.002336,,0.5
20/02/2017,1.002336,,0
21/02/2017,0,,0
22/02/2017,0,,0
23/02/2017,9.418329,,0
24/02/2017,6.2788863,,2
25/02/2017,3.1394432,,45.5
26/02/2017,0,,0.5
27/02/2017,0.39397115,,0
28/02/2017,0,,0
01/03/2017,0,,0
02/03/2017,0,,0
03/03/2017,0,,0
04/03/2017,0,,0.5
05/03/2017,0,,0
06/03/2017,0,,0
07/03/2017,0,,0
08/03/2017,0,,0
09/03/2017,3.806164,,1
10/03/2017,3.806164,,0.5
11/03/2017,20.266424,,0
12/03/2017,20.266424,,30
13/03/2017,0,,8.5
14/03/2017,0,,0
15/03/2017,0,,0
16/03/2017,0,,0
17/03/2017,0,,0
18/03/2017,0,,1
19/03/2017,0,,0
20/03/2017,0,,0
21/03/2017,0,,0
22/03/2017,6.497698,,0
23/03/2017,0,,0
24/03/2017,12.995396,,0
25/03/2017,0,,13
26/03/2017,0,,11.5
27/03/2017,4.5650444,,0
28/03/2017,9.130089,,0
29/03/2017,13.695133,,0.5
30/03/2017,4.5650444,,2
31/03/2017,4.5650444,,0.5
01/04/2017,11.70817,,7
02/04/2017,0,,1
03/04/2017,11.70817,,0
04/04/2017,23.41634,,35
05/04/2017,0,,12
06/04/2017,12.783028,,0.5
07/04/2017,0,,6
08/04/2017,0,,1
09/04/2017,12.783028,,0
10/04/2017,0,,27.5
11/04/2017,0,,0
12/04/2017,0,,0
13/04/2017,0,,0
14/04/2017,0,,1
15/04/2017,0,,0
16/04/2017,11.099334,,1
17/04/2017,8.456635,,2
18/04/2017,7.399556,,30.5
19/04/2017,0,,1
20/04/2017,3.699778,,0
21/04/2017,13.364673,,0
22/04/2017,0,,1
23/04/2017,0,,0
24/04/2017,0,,0
25/04/2017,0,,0
26/04/2017,0,,0
27/04/2017,0,,0
28/04/2017,0,,0
29/04/2017,0,,0
30/04/2017,0,,0
01/05/2017,16.09621,,0
02/05/2017,48.28863,,0
03/05/2017,0,,0
04/05/2017,0,,0
05/05/2017,32.19242,,0.5
06/05/2017,8.8792305,,38
07/05/2017,8.8792305,,0.5
08/05/2017,17.758461,,4
09/05/2017,0,,11
10/05/2017,0,,0
11/05/2017,14.737492,,0.5
12/05/2017,7.368746,,16.5
13/05/2017,14.737492,,0
14/05/2017,7.368746,,4
15/05/2017,22.106237,,4.5
16/05/2017,6.180508,,0
17/05/2017,18.541525,,2
18/05/2017,0,,29.5
19/05/2017,12.361016,,0
20/05/2017,12.361016,,39
21/05/2017,6.4397635,,23.5
22/05/2017,0,,25
23/05/2017,16.09941,,0
24/05/2017,9.659645,,57
25/05/2017,0,,0.5
26/05/2017,5.815964,,0
27/05/2017,0,,0
28/05/2017,0,,11
29/05/2017,10.1779375,,0
30/05/2017,5.0889688,,22
31/05/2017,15.266907,,16.5
01/06/2017,20.56265,,13
02/06/2017,6.854217,,22
03/06/2017,0,,29
04/06/2017,6.854217,,0
05/06/2017,13.708434,,0
06/06/2017,7.1058097,,0.5
07/06/2017,14.211619,,0
08/06/2017,0,,0
09/06/2017,0,,5
10/06/2017,0,,0
11/06/2017,21.87268,,0
12/06/2017,10.93634,,38
13/06/2017,10.93634,,0.5
14/06/2017,10.93634,,5
15/06/2017,21.87268,,1.5
16/06/2017,0,,4
17/06/2017,0,,1.5
18/06/2017,9.590327,,0.5
19/06/2017,28.770983,,0.5
20/06/2017,28.770983,,0.5
21/06/2017,0,,17
22/06/2017,0,,0
23/06/2017,10.011463,,0
24/06/2017,10.011463,,6
25/06/2017,0,,0.5
26/06/2017,0,,2.5
27/06/2017,0,,0
28/06/2017,6.77987,,0
29/06/2017,20.33961,,0
30/06/2017,6.77987,,1
01/07/2017,0,,0
02/07/2017,11.628214,,0
03/07/2017,34.884644,,0
04/07/2017,11.628214,,0
05/07/2017,0,,0
06/07/2017,10.151994,,0
07/07/2017,20.303988,,0
08/07/2017,0,,14
09/07/2017,40.607975,,3.5
10/07/2017,30.455978,,0.5
11/07/2017,27.967339,,9.5
12/07/2017,9.322447,,16
13/07/2017,18.644894,,3
14/07/2017,9.322447,,7
15/07/2017,18.644894,,20
16/07/2017,0,,32.5
17/07/2017,10.179673,,0
18/07/2017,30.539017,,4.5
19/07/2017,0,,127.5
20/07/2017,10.179673,,2.5
21/07/2017,11.474409,,0.5
22/07/2017,0,,1
23/07/2017,0,,0
24/07/2017,0,,0
25/07/2017,0,,0
26/07/2017,0,,0
27/07/2017,0,,0
28/07/2017,0,,0
29/07/2017,0,,0
30/07/2017,0,,0
31/07/2017,14.687228,,0
01/08/2017,0,,0
02/08/2017,3.291113,,0
03/08/2017,6.582226,,1
04/08/2017,3.291113,,0
05/08/2017,0,,0
06/08/2017,0,,0
07/08/2017,30.98046,,0.5
08/08/2017,20.65364,,22.5
09/08/2017,20.65364,,30
10/08/2017,0,,10.5
11/08/2017,0,,1.5
12/08/2017,23.410633,,14.5
13/08/2017,35.11595,,7.5
14/08/2017,70.2319,,3.5
15/08/2017,46.821266,,83
16/08/2017,12.801318,,10
17/08/2017,12.801318,,12.5
18/08/2017,0,,0.5
19/08/2017,0,,0
20/08/2017,0,,0
21/08/2017,0,,0
22/08/2017,6.6920605,,0
23/08/2017,6.6920605,,6.5
24/08/2017,0,,18.5
25/08/2017,0,,0
26/08/2017,28.369247,,0
27/08/2017,9.456416,,12
28/08/2017,0,,4
29/08/2017,28.369247,,4
30/08/2017,0,,76
31/08/2017,9.456416,,2
01/09/2017,5.451316,,0
02/09/2017,10.902632,,0
03/09/2017,10.902632,,0.5
04/09/2017,5.451316,,0.5
05/09/2017,10.902632,,14.5
06/09/2017,14.720504,,8.5
07/09/2017,0,,0.5
08/09/2017,7.360252,,0
09/09/2017,14.720504,,26
10/09/2017,14.720504,,15
11/09/2017,52.34397,,3.5
12/09/2017,31.40638,,81
13/09/2017,0,,16.5
14/09/2017,0,,0
15/09/2017,10.468794,,0
16/09/2017,4.7924333,,1.5
17/09/2017,9.584867,,0
18/09/2017,14.3773,,6.5
19/09/2017,4.7924333,,0.5
20/09/2017,23.962166,,0
21/09/2017,9.5817585,,34
22/09/2017,4.7908792,,0.5
23/09/2017,0,,1
24/09/2017,0,,0
25/09/2017,9.5817585,,0
26/09/2017,0,,0
27/09/2017,27.75856,,0
28/09/2017,27.75856,,12
29/09/2017,9.252853,,16
30/09/2017,0,,9.5
01/10/2017,11.059217,,0
02/10/2017,11.059217,,2.5
03/10/2017,5.5296087,,17
04/10/2017,0,,49
05/10/2017,11.059217,,18.5
06/10/2017,14.312134,,0
07/10/2017,0,,0
08/10/2017,14.312134,,9
09/10/2017,28.624268,,1
10/10/2017,14.312134,,6.5
11/10/2017,0,,3
12/10/2017,14.729354,,0
13/10/2017,7.364677,,0
14/10/2017,51.55274,,22
15/10/2017,36.823383,,95.5
16/10/2017,52.434444,,29.5
17/10/2017,34.9563,,15.5
18/10/2017,34.9563,,65
19/10/2017,43.695374,,72.5
20/10/2017,43.695374,,227.5
21/10/2017,0,,29.425932
22/10/2017,39.45981,,14.712966
23/10/2017,39.45981,,0
24/10/2017,0,,0
25/10/2017,26.306538,,0
26/10/2017,7.4221783,,13.62577
27/10/2017,22.266535,,20.438654
28/10/2017,14.844357,,20.438654
29/10/2017,14.844357,,27.25154
30/10/2017,14.844357,,0
31/10/2017,0,,0
01/11/2017,0,,0
02/11/2017,0,,13.681994
03/11/2017,22.69912,,0
04/11/2017,0,,0
05/11/2017,0,,13.681994
06/11/2017,0,,0
07/11/2017,0,,16.204178
08/11/2017,11.744195,,0
09/11/2017,35.232582,,40.510445
10/11/2017,0,,0
11/11/2017,17.326567,,11.017672
12/11/2017,34.653133,,22.035343
13/11/2017,34.653133,,11.017672
14/11/2017,0,,0
15/11/2017,0,,0
16/11/2017,0,,11.246442
17/11/2017,12.477763,,0
18/11/2017,12.477763,,22.492884
19/11/2017,24.955526,,0
20/11/2017,0,,0
21/11/2017,13.127317,,11.084856
22/11/2017,6.5636587,,11.084856
23/11/2017,0,,2.5
24/11/2017,0,,0
25/11/2017,6.5636587,,0
26/11/2017,0,,0
27/11/2017,0,,0
28/11/2017,0,,0
29/11/2017,0,,0
30/11/2017,0,,0
01/12/2017,37.437298,,7.5
02/12/2017,7.4874597,,35.5
03/12/2017,7.4874597,,1.5
04/12/2017,0,,2.5
05/12/2017,0,,0
06/12/2017,0,,0
07/12/2017,15.777893,,0
08/12/2017,0,,11
09/12/2017,23.66684,,0
10/12/2017,0,,11
11/12/2017,56.54757,,13
12/12/2017,33.928543,,154.5
13/12/2017,11.309514,,20.5
14/12/2017,79.166595,,0
15/12/2017,0,,55.5
16/12/2017,12.694825,,0
17/12/2017,25.38965,,31.5
18/12/2017,25.38965,,15.5
19/12/2017,12.694825,,31
20/12/2017,63.474125,,0
21/12/2017,0,,0
22/12/2017,0,,0
23/12/2017,50.120296,,9.5
24/12/2017,21.480127,,80
25/12/2017,0,,0
26/12/2017,6.3474593,,1
27/12/2017,0,,11
28/12/2017,12.694919,,1
29/12/2017,6.3474593,,3
30/12/2017,6.3474593,,0
31/12/2017,0,,18.5
01/01/2018,0,,8.5
02/01/2018,22.24174,,0
03/01/2018,0,,2
04/01/2018,0,,0
05/01/2018,0,,14
06/01/2018,19.199413,,0.5
07/01/2018,6.399805,,9
08/01/2018,6.399805,,0
09/01/2018,25.59922,,13
10/01/2018,0,,26.5
11/01/2018,0,,5
12/01/2018,9.410691,,1.5
13/01/2018,0,,0
14/01/2018,9.410691,,2
15/01/2018,9.410691,,0.5
16/01/2018,11.327733,,2.5
17/01/2018,22.655466,,0
18/01/2018,0,,3.5
19/01/2018,0,,0
20/01/2018,0,,0
21/01/2018,0,,6.5
22/01/2018,0,,0
23/01/2018,0,,0
24/01/2018,9.014304,,0
25/01/2018,0,,0.5
26/01/2018,11.307244,,1
27/01/2018,5.653622,,6.5
28/01/2018,5.653622,,2.5
29/01/2018,16.960867,,0.5
30/01/2018,5.653622,,0
31/01/2018,5.653622,,0
01/02/2018,0,,0
02/02/2018,0,,0
03/02/2018,5.999524,,0
04/02/2018,0,,0
05/02/2018,5.999524,,31.424381
06/02/2018,0,,8.639165
07/02/2018,0,,0
08/02/2018,0,,0
09/02/2018,0,,0
10/02/2018,0,,0
11/02/2018,0,,0
12/02/2018,0,,0
13/02/2018,2.7902672,,18.376038
14/02/2018,5.5805345,,16.079033
15/02/2018,0,,16.079033
16/02/2018,1.3887361,,15.937494
17/02/2018,0,,0
18/02/2018,0,,0
19/02/2018,0,,0
20/02/2018,1.3887361,,0
21/02/2018,0,,0
22/02/2018,0,,0
23/02/2018,0,,0
24/02/2018,0,,0
25/02/2018,5.8503733,,24.132427
26/02/2018,0,,3.213276
27/02/2018,6.1031494,,7.3446307
28/02/2018,2.034383,,1.5
01/03/2018,3.7542212,,0
02/03/2018,3.7542212,,0
03/03/2018,11.262663,,0
04/03/2018,0,,13.5
05/03/2018,7.5084424,,2
06/03/2018,0,,0
07/03/2018,0,,0
08/03/2018,0,,0
09/03/2018,0,,0
10/03/2018,0,,0
11/03/2018,0,,0
12/03/2018,0,,0
13/03/2018,0,,4.5
14/03/2018,0,,0
15/03/2018,0,,0
16/03/2018,0,,0
17/03/2018,0,,0.5
18/03/2018,0,,0
19/03/2018,6.529585,,0.5
20/03/2018,13.05917,,0.5
21/03/2018,14.732252,,3
22/03/2018,14.732252,,10.5
23/03/2018,0,,0
24/03/2018,0,,0
25/03/2018,14.732252,,0.5
26/03/2018,0,,8.5
27/03/2018,0,,20
28/03/2018,0,,0
29/03/2018,0,,0
30/03/2018,0,,0
31/03/2018,0,,0
01/04/2018,0,,0
02/04/2018,0,,0
03/04/2018,4.6660805,,0
04/04/2018,0,,0
05/04/2018,0,,0
06/04/2018,0,,0
07/04/2018,0,,0
08/04/2018,0,,0
09/04/2018,0,,0
10/04/2018,0,,0
11/04/2018,0,,0
12/04/2018,0,,2.5
13/04/2018,0,,0
14/04/2018,0,,0
15/04/2018,0,,0
16/04/2018,2.8478925,,0
17/04/2018,8.543678,,0
18/04/2018,5.695785,,0
19/04/2018,5.695785,,0
20/04/2018,0,,3.5
21/04/2018,23.928356,,2
22/04/2018,7.976119,,8
23/04/2018,7.976119,,17
24/04/2018,0,,0
25/04/2018,7.976119,,0.5
26/04/2018,0,,0
27/04/2018,0,,0
28/04/2018,17.591078,,0
29/04/2018,0,,33.5
30/04/2018,0,,0
01/05/2018,0,,0
02/05/2018,13.893313,,0
03/05/2018,6.9466567,,24
04/05/2018,20.83997,,57
05/05/2018,0,,0.5
06/05/2018,4.9033637,,0
07/05/2018,0,,0
08/05/2018,4.9033637,,8.5
09/05/2018,4.9033637,,0
10/05/2018,14.710091,,1
11/05/2018,11.282612,,0
12/05/2018,2.820653,,16.5
13/05/2018,2.820653,,33
14/05/2018,0,,0
15/05/2018,0,,5
16/05/2018,0,,0
17/05/2018,6.8920975,,14.5
18/05/2018,6.8920975,,1
19/05/2018,3.4460487,,0
20/05/2018,13.784195,,1
21/05/2018,5.383321,,3
22/05/2018,10.766642,,4.5
23/05/2018,0,,13
24/05/2018,5.383321,,0
25/05/2018,21.533283,,1
26/05/2018,0,,112
27/05/2018,6.574142,,0
28/05/2018,26.296568,,0
29/05/2018,0,,14.5
30/05/2018,6.574142,,0.5
31/05/2018,32.87071,,48
01/06/2018,59.759228,,97
02/06/2018,0,,42
03/06/2018,11.951846,,16
04/06/2018,0,,0
05/06/2018,0,,0
06/06/2018,0,,0
07/06/2018,14.5298395,,0
08/06/2018,7.2649198,,0
09/06/2018,0,,0
10/06/2018,7.2649198,,0
11/06/2018,0,,0
12/06/2018,0,,0
13/06/2018,0,,0
14/06/2018,0,,0
15/06/2018,0,,0
16/06/2018,0,,11.5
17/06/2018,0,,0
18/06/2018,7.944226,,0
19/06/2018,0,,0.5
20/06/2018,7.944226,,0
21/06/2018,30.026033,,0
22/06/2018,15.013017,,8.5
23/06/2018,15.013017,,0.5
24/06/2018,0,,0
25/06/2018,0,,1
26/06/2018,15.934691,,17.5
27/06/2018,15.934691,,57.5
28/06/2018,0,,9
29/06/2018,15.934691,,0
30/06/2018,7.9673457,,1
01/07/2018,12.153322,,13
02/07/2018,16.20443,,8
03/07/2018,8.102215,,0
04/07/2018,0,,0.5
05/07/2018,0,,5
06/07/2018,5.1201334,,1.5
07/07/2018,0,,4
08/07/2018,0,,2.5
09/07/2018,10.240267,,0
10/07/2018,15.360402,,23.5
11/07/2018,50.253002,,35.5
12/07/2018,0,,14
13/07/2018,0,,0
14/07/2018,20.1012,,0
15/07/2018,10.0506,,30.5
16/07/2018,5.916922,,0
17/07/2018,0,,0
18/07/2018,0,,0
19/07/2018,0,,0
20/07/2018,0,,0
21/07/2018,4.9169135,,0
22/07/2018,0,,5
23/07/2018,0,,0
24/07/2018,0,,0
25/07/2018,0,,0
26/07/2018,0,,0
27/07/2018,0,,0
28/07/2018,3.0456262,,0
29/07/2018,3.0456262,,0
30/07/2018,3.0456262,,0
31/07/2018,6.0912523,,2
01/08/2018,18.232712,,5
02/08/2018,12.155141,,49
03/08/2018,24.310282,,27.5
04/08/2018,0,,7.5
05/08/2018,30.387852,,0
06/08/2018,45.211388,,70.5
07/08/2018,0,,23.5
08/08/2018,9.042278,,9
09/08/2018,0,,9
10/08/2018,0,,0
11/08/2018,6.21459,,0
12/08/2018,0,,0
13/08/2018,0,,0
14/08/2018,0,,0
15/08/2018,0,,0
16/08/2018,0.55629563,,0
17/08/2018,0.55629563,,0
18/08/2018,0.55629563,,0
19/08/2018,0.55629563,,0
20/08/2018,0.55629563,,0
21/08/2018,0,,0
22/08/2018,12.089113,,0
23/08/2018,6.0445566,,0
24/08/2018,0,,0
25/08/2018,0,,0.5
26/08/2018,0,,0
27/08/2018,7.0319877,,0
28/08/2018,3.5159938,,0
29/08/2018,0,,1
30/08/2018,0,,0
31/08/2018,0,,0
01/09/2018,0,,0
02/09/2018,33.62499,,8.5
03/09/2018,0,,19
04/09/2018,6.7249975,,2
05/09/2018,13.449995,,0
06/09/2018,0,,19.5
07/09/2018,11.323279,,10
08/09/2018,0,,0
09/09/2018,11.323279,,1
10/09/2018,22.646559,,0
11/09/2018,36.669422,,25.5
12/09/2018,0,,7
13/09/2018,12.223141,,0
14/09/2018,61.115704,,13
15/09/2018,36.669422,,11.5
16/09/2018,6.713178,,4
17/09/2018,6.713178,,0.5
18/09/2018,0,,0
19/09/2018,6.713178,,6
20/09/2018,13.426356,,1
21/09/2018,21.158346,,19
22/09/2018,0,,8.5
23/09/2018,0,,1.5
24/09/2018,0,,0
25/09/2018,0,,0
26/09/2018,5.273068,,0
27/09/2018,0,,3.5
28/09/2018,5.273068,,0
29/09/2018,0,,0
30/09/2018,7.909602,,0
01/10/2018,0,,43.5
02/10/2018,11.171904,,0.5
03/10/2018,0,,0
04/10/2018,11.171904,,0
05/10/2018,0,,0.5
06/10/2018,3.2895634,,0
07/10/2018,0,,1
08/10/2018,0,,0
09/10/2018,3.2895634,,0
10/10/2018,0,,0
11/10/2018,0,,0
12/10/2018,0,,0
13/10/2018,22.647524,,7
14/10/2018,60.393394,,6
15/10/2018,22.647524,,14
16/10/2018,14.031606,,3
17/10/2018,7.015803,,0
18/10/2018,21.047407,,6
19/10/2018,7.015803,,36.5
20/10/2018,14.031606,,1
21/10/2018,7.2671165,,5
22/10/2018,21.80135,,0
23/10/2018,14.534233,,5
24/10/2018,7.2671165,,4
25/10/2018,0,,0
26/10/2018,0,,0
27/10/2018,0,,0.5
28/10/2018,0,,0
29/10/2018,0,,0
30/10/2018,0,,17.5
31/10/2018,0,,0
01/11/2018,10.879256,,0
02/11/2018,10.879256,,0
03/11/2018,0,,0
04/11/2018,5.439628,,1
05/11/2018,0,,15.5
06/11/2018,25.925158,,0
07/11/2018,12.962579,,1
08/11/2018,0,,2
09/11/2018,0,,7.5
10/11/2018,12.962579,,0
11/11/2018,0,,2
12/11/2018,21.000742,,0
13/11/2018,10.500371,,7
14/11/2018,10.500371,,24.5
15/11/2018,31.501114,,17.5
16/11/2018,11.602134,,10
17/11/2018,0,,10.5
18/11/2018,0,,0
19/11/2018,11.602134,,0
20/11/2018,0,,0
21/11/2018,0,,0
22/11/2018,0,,7
23/11/2018,8.072471,,0
24/11/2018,8.072471,,3
25/11/2018,8.072471,,0
26/11/2018,0,,0
27/11/2018,9.927268,,0
28/11/2018,0,,8.5
29/11/2018,0,,0
30/11/2018,0,,0
01/12/2018,0,,0
02/12/2018,0,,0
03/12/2018,0,,1
04/12/2018,20.773918,,0
05/12/2018,0,,0
06/12/2018,6.1158814,,1
07/12/2018,6.1158814,,0.5
08/12/2018,0,,0
09/12/2018,0,,0
10/12/2018,18.347645,,0
11/12/2018,0,,8
12/12/2018,0,,0.5
13/12/2018,0,,0.5
14/12/2018,0,,0
15/12/2018,0,,0
16/12/2018,0,,0.5
17/12/2018,0,,0.5
18/12/2018,0,,0
19/12/2018,0,,2
20/12/2018,0,,0
21/12/2018,4.802948,,7
22/12/2018,4.786447,,2.5
23/12/2018,8.766207,,0
24/12/2018,7.087726,,0.5
25/12/2018,2.3242455,,6
26/12/2018,26.9238,,0
27/12/2018,8.9746,,3.5
28/12/2018,0,,3.5
29/12/2018,0,,7
30/12/2018,0,,10.5
31/12/2018,17.9492,,0.5
01/01/2019,0,,1.5
02/01/2019,0,,0
03/01/2019,0,,0
04/01/2019,0,,0
05/01/2019,0,,0
06/01/2019,0,,0
07/01/2019,0,,0
08/01/2019,0,,0.5
09/01/2019,0,,0
10/01/2019,0,,0
11/01/2019,0,,0
12/01/2019,0,,0
13/01/2019,0,,0
14/01/2019,7.8677797,,0
15/01/2019,0,,0
16/01/2019,0,,0
17/01/2019,0,,0.5
18/01/2019,0,,0
19/01/2019,0,,0
20/01/2019,0,,0
21/01/2019,0,,0
22/01/2019,0,,0
23/01/2019,18.681171,,48
24/01/2019,0,,38.5
25/01/2019,31.135284,,0
26/01/2019,40.476963,,54
27/01/2019,0,,27
28/01/2019,0,,1
29/01/2019,0,,0
30/01/2019,0,,0
31/01/2019,0,,0
01/02/2019,0,,0
02/02/2019,0,,0
03/02/2019,0,,0
04/02/2019,0,,0
05/02/2019,0,,0
06/02/2019,0,,0
07/02/2019,0,,0
08/02/2019,0,,0
09/02/2019,0,,0
10/02/2019,0,,0
11/02/2019,0,,0
12/02/2019,0,,0
13/02/2019,0,,0
14/02/2019,0,,0
15/02/2019,0,,0
16/02/2019,0,,0
17/02/2019,0,,0
18/02/2019,0,,0
19/02/2019,0,,5.5
20/02/2019,0,,0
21/02/2019,0,,0
22/02/2019,0,,0
23/02/2019,0,,0
24/02/2019,0,,0
25/02/2019,0,,0
26/02/2019,0,,0
27/02/2019,0,,0
28/02/2019,0,,0
01/03/2019,0,,0
02/03/2019,0,,0
03/03/2019,0,,0
04/03/2019,0,,0
05/03/2019,0,,0
06/03/2019,0,,0
07/03/2019,0,,0
08/03/2019,0,,0
09/03/2019,0,,0
10/03/2019,0,,0
11/03/2019,0,,0
12/03/2019,0,,0
13/03/2019,0,,0
14/03/2019,0,,0
15/03/2019,0,,0
16/03/2019,0,,0
17/03/2019,0,,0
18/03/2019,0,,0
19/03/2019,0,,0
20/03/2019,0,,21
21/03/2019,14.857181,,5
22/03/2019,7.4285903,,2
23/03/2019,0,,0
24/03/2019,0,,0
25/03/2019,0,,0
26/03/2019,0,,0
27/03/2019,0,,0
28/03/2019,20.874544,,0
29/03/2019,0,,0
30/03/2019,0,,0
31/03/2019,0,,0
01/04/2019,0,,0
02/04/2019,0,,0
03/04/2019,0,,0
04/04/2019,0,,0
05/04/2019,0,,0
06/04/2019,0,,0
07/04/2019,0,,0
08/04/2019,3.9289575,,0
09/04/2019,0,,0
10/04/2019,3.9289575,,0
11/04/2019,0,,2.5
12/04/2019,0,,1.5
13/04/2019,0,,0.5
14/04/2019,3.6082172,,6.5
15/04/2019,0,,0.5
16/04/2019,0,,0
17/04/2019,0,,0
18/04/2019,0,,0
19/04/2019,0,,4.675215
20/04/2019,0,,4.675215
21/04/2019,0.38461187,,0.5886212
22/04/2019,0.05372536,,0.028693233
23/04/2019,0.3388574,,0.43691278
24/04/2019,0.26287812,,0.5099127
25/04/2019,0.5711678,,0.9208773
26/04/2019,7.8754835,,8.593601
27/04/2019,23.626451,,0
28/04/2019,7.8754835,,0
29/04/2019,0,,25.780804
30/04/2019,15.750967,,0
01/05/2019,3.6165156,,0
02/05/2019,0,,0
03/05/2019,1.8082578,,0
04/05/2019,1.8082578,,5.746141
05/05/2019,0,,5.746141
06/05/2019,0,,14.634277
07/05/2019,2.968878,,0
08/05/2019,0,,6.402496
09/05/2019,0,,0
10/05/2019,2.968878,,6.402496
11/05/2019,0,,0
12/05/2019,10.990736,,0
13/05/2019,0,,0
14/05/2019,0,,0
15/05/2019,0,,0
16/05/2019,36.138454,,0
17/05/2019,21.68307,,1
18/05/2019,7.2276907,,20.5
19/05/2019,14.455381,,0.5
20/05/2019,7.2276907,,1
21/05/2019,0,,0
22/05/2019,2.7238746,,0
23/05/2019,2.7238746,,34.5
24/05/2019,0,,0
25/05/2019,5.447749,,0
26/05/2019,3.2405343,,34
27/05/2019,0,,3
28/05/2019,0,,0
29/05/2019,0,,5
30/05/2019,6.4810686,,0
31/05/2019,6.4810686,,0
01/06/2019,36.27695,,0
02/06/2019,36.27695,,4
03/06/2019,36.27695,,44
04/06/2019,60.461582,,0
05/06/2019,0,,22.5
06/06/2019,19.59128,,0
07/06/2019,19.59128,,2.5
08/06/2019,9.79564,,5.5
09/06/2019,19.59128,,80.5
10/06/2019,0,,48.5
11/06/2019,3.8083272,,0
12/06/2019,8.928245,,0.5
13/06/2019,11.388914,,0
14/06/2019,3.593937,,27.5
15/06/2019,6.500823,,0.5
16/06/2019,25.162066,,0.5
17/06/2019,0,,7
18/06/2019,12.581033,,0
19/06/2019,25.162066,,0.5
20/06/2019,37.7431,,1.5
21/06/2019,8.84273,,0.5
22/06/2019,13.264095,,0
23/06/2019,8.84273,,3
24/06/2019,0,,13.5
25/06/2019,0,,0
26/06/2019,6.1862655,,0
27/06/2019,6.1862655,,0.5
28/06/2019,3.0931327,,12.5
29/06/2019,0,,0.5
30/06/2019,9.279399,,0
01/07/2019,12.369962,,0
02/07/2019,12.369962,,0
03/07/2019,0,,1
04/07/2019,6.184981,,0
05/07/2019,6.184981,,1
06/07/2019,0,,0
07/07/2019,8.210389,,0
08/07/2019,8.210389,,2.5
09/07/2019,16.420778,,7.5
10/07/2019,0,,0
11/07/2019,7.6306367,,0
12/07/2019,7.6306367,,0.5
13/07/2019,22.891909,,19
14/07/2019,0,,11
15/07/2019,22.891909,,3.5
16/07/2019,10.649808,,1
17/07/2019,2.662452,,0
18/07/2019,2.662452,,0
19/07/2019,0,,0
20/07/2019,0,,0
21/07/2019,0,,0
22/07/2019,14.622592,,0
23/07/2019,7.311296,,38
24/07/2019,29.245184,,0
25/07/2019,0,,9.5
26/07/2019,0,,3
27/07/2019,0,,0.5
28/07/2019,17.599215,,0
29/07/2019,35.19843,,2.5
30/07/2019,0,,7.5
31/07/2019,0,,0
01/08/2019,0,,0
02/08/2019,0,,0
03/08/2019,0,,0
04/08/2019,26.018501,,25.5
05/08/2019,0,,2.5
06/08/2019,16.662064,,0
07/08/2019,8.331032,,19.5
08/08/2019,24.993095,,17
09/08/2019,24.993095,,11.229999
10/08/2019,0,,0
11/08/2019,0,,0
12/08/2019,0,,2.3111172
13/08/2019,5.5115247,,0
14/08/2019,5.5115247,,4.6222343
15/08/2019,5.5115247,,6.9333515
16/08/2019,11.057724,,8.498694
17/08/2019,0,,4.249347
18/08/2019,0,,0
19/08/2019,0,,0
20/08/2019,11.057724,,8.498694
21/08/2019,3.8912048,,8.2590475
22/08/2019,0,,4.1295238
23/08/2019,0,,8.2590475
24/08/2019,3.8912048,,0
25/08/2019,11.673615,,4.1295238
26/08/2019,35.449562,,20.145687
27/08/2019,0,,20.145687
28/08/2019,0,,20.145687
29/08/2019,0,,10.072844
30/08/2019,0,,0
31/08/2019,0,,0
01/09/2019,0,,0
02/09/2019,0,,0
03/09/2019,0,,0
04/09/2019,0,,3.7565994
05/09/2019,0,,3.2870243
06/09/2019,4.2767687,,0
07/09/2019,4.2767687,,0
08/09/2019,4.2767687,,0
09/09/2019,0,,19
10/09/2019,8.553537,,0
11/09/2019,0,,7.5
12/09/2019,11.419127,,0
13/09/2019,17.12869,,28.5
14/09/2019,28.54782,,45.5
15/09/2019,0,,0
16/09/2019,0,,0
17/09/2019,0,,0
18/09/2019,0,,0
19/09/2019,3.9903483,,0
20/09/2019,0,,0
21/09/2019,6.5744214,,0
22/09/2019,0,,0
23/09/2019,0,,0
24/09/2019,0,,0
25/09/2019,0,,0
26/09/2019,0,,0
27/09/2019,0,,0
28/09/2019,0,,0.5
29/09/2019,3.2712753,,3
30/09/2019,9.813826,,0.5
01/10/2019,15.7006035,,12.5
02/10/2019,15.7006035,,7.5
03/10/2019,0,,5.5
04/10/2019,47.10181,,2.5
05/10/2019,31.401207,,0.5
06/10/2019,12.386823,,0
07/10/2019,12.386823,,27
08/10/2019,12.386823,,10.5
09/10/2019,12.386823,,3.5
10/10/2019,12.386823,,1.5
11/10/2019,16.932407,,0.5
12/10/2019,11.288272,,0
13/10/2019,22.576544,,4
14/10/2019,5.644136,,1.5
15/10/2019,5.644136,,4.5
16/10/2019,10.586873,,1.5
17/10/2019,5.2934365,,3.5
18/10/2019,5.2934365,,1
19/10/2019,5.2934365,,0
20/10/2019,5.2934365,,6
21/10/2019,16.057255,,5.5
22/10/2019,8.028627,,0
23/10/2019,8.028627,,16
24/10/2019,8.028627,,0.5
25/10/2019,8.028627,,8
26/10/2019,15.916883,,0.5
27/10/2019,7.9584417,,2.5
28/10/2019,31.833767,,18.490473
29/10/2019,7.9584417,,0
30/10/2019,7.9584417,,9.245236
31/10/2019,7.9584417,,18.490473
01/11/2019,30.662506,,9.758612
02/11/2019,24.530005,,14.637918
03/11/2019,0,,0
04/11/2019,6.132501,,4.879306
05/11/2019,24.530005,,14.637918
06/11/2019,10.590037,,7.290521
07/11/2019,7.060025,,0
08/11/2019,17.650063,,9.720695
09/11/2019,0,,0
10/11/2019,0,,7.290521
11/11/2019,1.8618368,,1.9241433
12/11/2019,0.877162,,1.4930477
13/11/2019,0.6061764,,0.2722018
14/11/2019,0.59938186,,0.35156855
15/11/2019,3.3496935,,5.11722
16/11/2019,0,,0
17/11/2019,14.962035,,24.591673
18/11/2019,14.962035,,0
19/11/2019,0,,0
20/11/2019,44.886105,,24.591673
21/11/2019,15.462806,,7.5965524
22/11/2019,15.462806,,7.5965524
23/11/2019,30.925611,,7.5965524
24/11/2019,15.462806,,15.193105
25/11/2019,30.925611,,7.5965524
26/11/2019,0,,0
27/11/2019,0,,0
28/11/2019,0,,12.368934
29/11/2019,0,,0
30/11/2019,28.7217,,24.737867
01/12/2019,0,,0.5
02/12/2019,0,,0
03/12/2019,0,,3
04/12/2019,31.045021,,16
05/12/2019,15.522511,,98
06/12/2019,22.126003,,36.5
07/12/2019,0,,13.5
08/12/2019,11.063002,,2
09/12/2019,44.252007,,9
10/12/2019,33.189007,,4
11/12/2019,19.782742,,0
12/12/2019,19.782742,,1.5
13/12/2019,19.782742,,18.5
14/12/2019,0,,0
15/12/2019,29.674112,,0
16/12/2019,11.226584,,6
17/12/2019,11.226584,,2
18/12/2019,22.453169,,0
19/12/2019,11.226584,,4.5
20/12/2019,11.226584,,4.5
21/12/2019,0,,0
22/12/2019,0,,0
23/12/2019,0,,0
24/12/2019,32.263386,,18.5
25/12/2019,0,,15
26/12/2019,39.972492,,0
27/12/2019,0,,47.5
28/12/2019,0,,28
29/12/2019,0,,6.5
30/12/2019,0,,0
31/12/2019,0,,0
01/01/2020,0,,0
02/01/2020,8.382393,,0
03/01/2020,0,,0.5
04/01/2020,0,,0
05/01/2020,0,,0
06/01/2020,0,,0
07/01/2020,0,,0
08/01/2020,0,,1
09/01/2020,0,,0
10/01/2020,3.019939,,0
11/01/2020,5.4910703,,2
12/01/2020,21.964281,,1.5
13/01/2020,16.47321,,9
14/01/2020,0,,0
15/01/2020,0,,0
16/01/2020,0,,0
17/01/2020,0,,0
18/01/2020,5.514857,,24.5
19/01/2020,0,,19
20/01/2020,0,,0
21/01/2020,0,,0
22/01/2020,0,,0
23/01/2020,0,,0
24/01/2020,0,,0
25/01/2020,0,,0
26/01/2020,0,,0
27/01/2020,0,,0
28/01/2020,0,,0
29/01/2020,0,,0
30/01/2020,0,,0
31/01/2020,0,,0
01/02/2020,0,,0
02/02/2020,0,,0
03/02/2020,0,,0
04/02/2020,0,,0
05/02/2020,0,,0
06/02/2020,0,,0
07/02/2020,0,,0
08/02/2020,0,,4.5
09/02/2020,0,,0
10/02/2020,5.691233,,17.5
11/02/2020,0,,0
12/02/2020,0,,0
13/02/2020,0,,0
14/02/2020,0,,0
15/02/2020,0,,1
16/02/2020,0,,0
17/02/2020,0,,0
18/02/2020,0,,0
19/02/2020,0,,2.5
20/02/2020,0,,0
21/02/2020,0,,0
22/02/2020,0,,0
23/02/2020,0,,0
24/02/2020,0,,0
25/02/2020,0,,0
26/02/2020,0,,0
27/02/2020,0,,0
28/02/2020,0,,0
29/02/2020,0,,0
01/03/2020,0,,0
02/03/2020,0,,0
03/03/2020,0,,0
04/03/2020,0,,0
05/03/2020,0,,0
06/03/2020,0,,0
07/03/2020,9.946078,,0
08/03/2020,0,,0
09/03/2020,0,,0
10/03/2020,9.946078,,0.5
11/03/2020,0,,2.5
12/03/2020,0,,0
13/03/2020,0,,0
14/03/2020,0,,0
15/03/2020,0,,0
16/03/2020,0,,0
17/03/2020,0,,0
18/03/2020,0,,0
19/03/2020,0,,0
20/03/2020,0,,0
21/03/2020,0,,0
22/03/2020,0,,0
23/03/2020,0,,0
24/03/2020,0,,0
25/03/2020,0,,0
26/03/2020,0,,0
27/03/2020,0,,0
28/03/2020,28.68544,,0
29/03/2020,0,,0
30/03/2020,0,,1.5
31/03/2020,0,,0.5
01/04/2020,6.6094813,,3
02/04/2020,0,,0
03/04/2020,0,,0
04/04/2020,0,,0
05/04/2020,0,,0
06/04/2020,0,,0
07/04/2020,0,,9
08/04/2020,17.448338,,0.5
09/04/2020,0,,0
10/04/2020,0,,0
11/04/2020,0,,0
12/04/2020,0,,0
13/04/2020,0,,0
14/04/2020,0,,0
15/04/2020,0,,0
16/04/2020,0,,0
17/04/2020,0,,0
18/04/2020,5.587155,,0
19/04/2020,0,,7
20/04/2020,5.587155,,0
21/04/2020,0,,0
22/04/2020,0,,0
23/04/2020,0,,0
24/04/2020,2.0789526,,0
25/04/2020,0,,27.5
26/04/2020,0,,0
27/04/2020,0,,0
28/04/2020,0,,0
29/04/2020,0,,0.5
30/04/2020,0,,0
01/05/2020,0,,0
02/05/2020,4.712406,,0
03/05/2020,9.424812,,1
04/05/2020,4.712406,,9.5
05/05/2020,9.424812,,0
06/05/2020,4.9736056,,66.5
07/05/2020,4.9736056,,0
08/05/2020,0,,0
09/05/2020,0,,0.5
10/05/2020,0,,8.5
11/05/2020,0,,0
12/05/2020,18.923271,,0
13/05/2020,0,,13
14/05/2020,0,,0
15/05/2020,0,,0.5
16/05/2020,12.084321,,1
17/05/2020,0,,0
18/05/2020,24.168642,,2
19/05/2020,36.252964,,86.5
20/05/2020,0,,0
21/05/2020,6.099197,,0
22/05/2020,10.351113,,91.5
23/05/2020,4.7407627,,3.5
24/05/2020,4.401533,,0
25/05/2020,2.0564651,,29.5
26/05/2020,0,,0
27/05/2020,6.5490017,,0
28/05/2020,0,,0
29/05/2020,3.2745008,,0
30/05/2020,9.823502,,0
31/05/2020,3.2745008,,1
01/06/2020,24.372408,,0
02/06/2020,16.986412,,12
03/06/2020,8.009422,,9.5
04/06/2020,14.5286255,,0.5
05/06/2020,25.914492,,1
06/06/2020,26.222126,,0.5
07/06/2020,8.740708,,9
08/06/2020,8.740708,,2
09/06/2020,8.740708,,0
10/06/2020,17.481417,,20
11/06/2020,0.44399452,,0.5
12/06/2020,1.6687903,,0
13/06/2020,8.056529,,0
14/06/2020,12.523788,,13
15/06/2020,0.9915427,,23.5
16/06/2020,16.978119,,3.5
17/06/2020,16.978119,,0
18/06/2020,16.978119,,2.5
19/06/2020,16.978119,,22.5
20/06/2020,22.637491,,45.5
21/06/2020,12.694366,,3.5
22/06/2020,0,,0.5
23/06/2020,0,,2
24/06/2020,12.694366,,0.5
25/06/2020,44.430283,,0.5
26/06/2020,24.677896,,32
27/06/2020,49.355793,,2.5
28/06/2020,0,,76.5
29/06/2020,0,,0
30/06/2020,0,,0
01/07/2020,0,,0
02/07/2020,13.822823,,0
03/07/2020,41.468468,,1
04/07/2020,0,,6
05/07/2020,0,,0
06/07/2020,7.732466,,0.5
07/07/2020,7.732466,,0
08/07/2020,15.464932,,17.5
09/07/2020,30.929865,,3
10/07/2020,30.929865,,34.5
11/07/2020,29.255621,,39
12/07/2020,29.255621,,3
13/07/2020,14.6278105,,3.5
14/07/2020,29.255621,,50
15/07/2020,14.6278105,,1.5
16/07/2020,6.5244184,,4.5
17/07/2020,3.4578886,,3
18/07/2020,8.159178,,0.5
19/07/2020,19.682919,,0.5
20/07/2020,6.4935527,,10.5
21/07/2020,9.71636,,0
22/07/2020,0,,2
23/07/2020,29.14908,,0
24/07/2020,29.14908,,25
25/07/2020,9.71636,,43.5
26/07/2020,21.775759,,2
27/07/2020,21.775759,,6.5
28/07/2020,21.775759,,6
29/07/2020,21.775759,,8.5
30/07/2020,54.439396,,28.5
31/07/2020,10.887879,,53
01/08/2020,5.170408,,0
02/08/2020,0,,0
03/08/2020,0,,0
04/08/2020,10.340816,,0
05/08/2020,5.170408,,2
06/08/2020,8.095837,,2
07/08/2020,0,,6
08/08/2020,0,,0
09/08/2020,8.095837,,0
10/08/2020,0,,0
11/08/2020,8.707477,,0
12/08/2020,8.707477,,2
13/08/2020,17.414953,,0.5
14/08/2020,26.122429,,7
15/08/2020,0,,4
16/08/2020,18.970623,,0
17/08/2020,37.941246,,0
18/08/2020,18.970623,,4
19/08/2020,0,,12
20/08/2020,0,,3
21/08/2020,0,,0.5
22/08/2020,16.52659,,0
23/08/2020,16.52659,,62.5
24/08/2020,0,,5.5
25/08/2020,0,,0
26/08/2020,11.269337,,0
27/08/2020,22.538673,,86
28/08/2020,11.269337,,59
29/08/2020,33.80801,,0
30/08/2020,22.538673,,5.5
31/08/2020,22.538673,,0
01/09/2020,7.6726394,,2.5
02/09/2020,23.01792,,0
03/09/2020,15.345279,,9
04/09/2020,7.6726394,,5
05/09/2020,15.345279,,7.5
06/09/2020,21.573437,,10.5
07/09/2020,0,,0
08/09/2020,10.786718,,5
09/09/2020,10.786718,,0
10/09/2020,21.573437,,0
11/09/2020,42.80327,,0
12/09/2020,42.80327,,2.5
13/09/2020,10.700817,,14
14/09/2020,32.102448,,2.5
15/09/2020,53.504086,,57
16/09/2020,25.121449,,9
17/09/2020,2.5467203,,19
18/09/2020,2.6471841,,0
19/09/2020,4.9493046,,1
20/09/2020,13.0420065,,0
21/09/2020,13.90401,,36
22/09/2020,20.856016,,87
23/09/2020,6.952005,,1.5
24/09/2020,0,,21.5
25/09/2020,0,,0
26/09/2020,7.0682626,,6
27/09/2020,21.204788,,0
28/09/2020,7.0682626,,4
29/09/2020,0,,1
30/09/2020,14.136525,,0
01/10/2020,28.409704,,0
02/10/2020,28.409704,,11.5
03/10/2020,9.469902,,18.5
04/10/2020,47.34951,,0.5
05/10/2020,47.34951,,104.5
06/10/2020,17.216978,,103.5
07/10/2020,17.216978,,0
08/10/2020,8.608489,,42
09/10/2020,0,,0.5
10/10/2020,0,,0
11/10/2020,0,,32.5
12/10/2020,0,,0
13/10/2020,6.3525386,,0.5
14/10/2020,0,,57.5
15/10/2020,12.705077,,32.5
16/10/2020,14.572891,,16.5
17/10/2020,0,,9.5
18/10/2020,0,,0.5
19/10/2020,58.291565,,0
20/10/2020,14.572891,,111.5
21/10/2020,9.527616,,0
22/10/2020,19.055231,,0
23/10/2020,28.582846,,103.5
24/10/2020,19.055231,,44
25/10/2020,19.055231,,0
26/10/2020,52.440376,,41
27/10/2020,10.47425,,23.5
28/10/2020,2.5224345,,5
29/10/2020,1.3222086,,0
30/10/2020,14.316867,,0
31/10/2020,9.232372,,4.5
01/11/2020,9.318772,,4.5
02/11/2020,27.956318,,5
03/11/2020,37.27509,,2
04/11/2020,37.27509,,6
05/11/2020,18.637545,,81.5
06/11/2020,0,,18
07/11/2020,0,,0
08/11/2020,7.8454485,,0
09/11/2020,39.22724,,10.5
10/11/2020,23.536345,,24.5
11/11/2020,0,,3
12/11/2020,0,,0
13/11/2020,0,,0
14/11/2020,3.2176828,,0
15/11/2020,6.4353657,,0
16/11/2020,0,,15
17/11/2020,12.753263,,0
18/11/2020,12.753263,,8
19/11/2020,0,,7.5
20/11/2020,12.753263,,0
21/11/2020,0,,1.5
22/11/2020,0,,10.5
23/11/2020,0,,2
24/11/2020,15.2589655,,1.5
25/11/2020,15.2589655,,11
26/11/2020,54.880676,,40.5
27/11/2020,0,,26.5
28/11/2020,68.600845,,1.5
29/11/2020,0,,90
30/11/2020,0,,3.5
01/12/2020,0,,2
02/12/2020,0,,0.5
03/12/2020,0,,0
04/12/2020,9.230118,,0
05/12/2020,18.460236,,0
06/12/2020,15.713428,,19.5
07/12/2020,7.856714,,13.5
08/12/2020,7.856714,,4.5
09/12/2020,0,,34
10/12/2020,7.856714,,0
11/12/2020,0,,0
12/12/2020,0,,0
13/12/2020,22.373348,,0
14/12/2020,11.186674,,0
15/12/2020,22.373348,,0
16/12/2020,5.673286,,0
17/12/2020,0,,0
18/12/2020,5.673286,,0
19/12/2020,11.346572,,0
20/12/2020,5.673286,,0
21/12/2020,20.617249,,0
22/12/2020,20.617249,,0
23/12/2020,0,,0
24/12/2020,10.308624,,0
25/12/2020,0,,0
26/12/2020,18.018478,,0
27/12/2020,9.009239,,0
28/12/2020,27.027716,,0
29/12/2020,45.046196,,0
30/12/2020,0,,0
31/12/2020,9.009239,,0
01/01/2021,17.093426,,0
02/01/2021,0,,0
03/01/2021,17.093426,,0
04/01/2021,8.546713,,0
05/01/2021,8.546713,,0
06/01/2021,6.0061316,,0
07/01/2021,0,,0
08/01/2021,12.012263,,0
09/01/2021,0,,0
10/01/2021,30.030657,,0
11/01/2021,40.59215,,0
12/01/2021,11.597757,,0
13/01/2021,17.396637,,0
14/01/2021,5.7988787,,0
15/01/2021,5.7988787,,0
16/01/2021,46.813618,,0
17/01/2021,46.813618,,0
18/01/2021,23.406809,,0
19/01/2021,0,,0
20/01/2021,23.406809,,0
21/01/2021,3.4055276,,10.220869
22/01/2021,3.4055276,,0
23/01/2021,6.811055,,10.220869
24/01/2021,0,,0
25/01/2021,0,,10.220869
26/01/2021,3.4663727,,0
27/01/2021,0,,0
28/01/2021,0,,0
29/01/2021,3.4663727,,7.4999027
30/01/2021,6.9327455,,14.999805
31/01/2021,3.4663727,,14.999805
01/02/2021,2.709186,,22.88148
02/02/2021,5.418372,,7.62716
03/02/2021,8.127558,,7.62716
04/02/2021,0,,0
05/02/2021,8.127558,,30.50864
06/02/2021,0,,10.690913
07/02/2021,0,,0
08/02/2021,1.8012865,,5.3454566
09/02/2021,3.602573,,16.03637
10/02/2021,3.602573,,21.381826
11/02/2021,0,,6.269981
12/02/2021,2.340726,,12.539962
13/02/2021,2.340726,,6.269981
14/02/2021,0,,6.269981
15/02/2021,0,,0
16/02/2021,0,,0
17/02/2021,0,,0
18/02/2021,0,,0
19/02/2021,0,,0
20/02/2021,0,,0
21/02/2021,0,,0
22/02/2021,0,,0
23/02/2021,0,,0
24/02/2021,0,,0
25/02/2021,0,,0
26/02/2021,0,,0
27/02/2021,0,,0
28/02/2021,0,,7.900026
01/03/2021,0,0,0
02/03/2021,0,0.05,9.648752
03/03/2021,11.394941,0.08,19.297504
04/03/2021,0,0.16,0
05/03/2021,0,0.16,0
06/03/2021,0,0.17,0
07/03/2021,0,0.13,0
08/03/2021,0,0.04,0
09/03/2021,0,0.01,0
10/03/2021,0,0,0
11/03/2021,3.6534545,0.05,3.6547961
12/03/2021,0,0.05,0
13/03/2021,7.306909,2.4,10.964388
14/03/2021,0,0.14,7.3095922
15/03/2021,0,0,0
16/03/2021,5.326649,0,17.439278
17/03/2021,5.326649,0.1,5.813092
18/03/2021,0,0.07,0
19/03/2021,0,0.12,0
20/03/2021,0,0.12,5.813092
21/03/2021,9.026879,0.35,4.940804
22/03/2021,0,0.23,9.881608
23/03/2021,0,0.02,0
24/03/2021,0,0,0
25/03/2021,9.026879,0.33,14.822412
26/03/2021,0,0,0
27/03/2021,4.3823833,0,0
28/03/2021,4.3823833,0.04,15.826813
29/03/2021,0,0.12,15.826813
30/03/2021,4.3823833,9.71,0
31/03/2021,0,0.04,0
01/04/2021,3.7372186,0.84,0
02/04/2021,0,0.1,6.0958414
03/04/2021,3.7372186,0.1,6.0958414
04/04/2021,3.7372186,0,0
05/04/2021,0,10.78,6.0958414
06/04/2021,0,0.09,0
07/04/2021,4.5581164,1.58,4.5047994
08/04/2021,0,0.09,9.009599
09/04/2021,4.5581164,0,4.5047994
10/04/2021,4.5581164,0,9.009599
11/04/2021,10.738938,0.07,11.307209
12/04/2021,0,0.08,3.7690701
13/04/2021,0,0,0
14/04/2021,0,1.12,3.7690701
15/04/2021,0,0.41,0
16/04/2021,0,0,0
17/04/2021,0,0,0
18/04/2021,3.240564,0.01,0
19/04/2021,3.240564,4.58,0
20/04/2021,0,0,0
21/04/2021,0,0,0
22/04/2021,0,0.04,2
23/04/2021,0,0.33,0
24/04/2021,0,0.03,0
25/04/2021,5.325976,0,0
26/04/2021,0,0.04,0
27/04/2021,6.773322,0.13,0
28/04/2021,0,0.04,0
29/04/2021,0,0,0.5
30/04/2021,0,0.38,0.5
01/05/2021,7.616941,0,0.5
02/05/2021,0,0.37,32.5
03/05/2021,7.616941,0,2
04/05/2021,0,0.47,0
05/05/2021,0,0.14,0
06/05/2021,9.137127,12.42,0.5
07/05/2021,27.41138,50.8,37
08/05/2021,9.137127,1.19,0
09/05/2021,9.137127,0.52,0.5
10/05/2021,9.137127,0,1
11/05/2021,5.2921786,0.01,0.5
12/05/2021,5.2921786,0,0
13/05/2021,5.2921786,0,0
14/05/2021,21.168715,16.25,0
15/05/2021,0,0.43,21.5
16/05/2021,20.683033,0.05,2.5
17/05/2021,10.3415165,0,22
18/05/2021,31.02455,0.54,0
19/05/2021,51.707584,21.78,1
20/05/2021,0,0.48,36.5
21/05/2021,8.956003,19.31,0
22/05/2021,8.956003,19.92,3
23/05/2021,0,2.78,17
24/05/2021,0,0.01,0
25/05/2021,0,0,0
26/05/2021,0,0,0
27/05/2021,0,0.04,0
28/05/2021,0,1.55,0
29/05/2021,15.820127,0.05,5
30/05/2021,0,0.62,5
31/05/2021,0,0.22,0
01/06/2021,0,0.02,0.5
02/06/2021,0,0.18,0
03/06/2021,4.0056734,0,0
04/06/2021,8.011347,0.12,0
05/06/2021,8.011347,0.36,0
06/06/2021,5.4987984,0.06,5.5
07/06/2021,0,0.14,2
08/06/2021,16.496395,14.31,0
09/06/2021,0,1.07,12.5
10/06/2021,0,0,0
11/06/2021,14.231646,19.58,0
12/06/2021,14.231646,1.52,0
13/06/2021,0,1.58,27
14/06/2021,7.115823,0,1
15/06/2021,0,0,0
16/06/2021,24.128824,0.97,0
17/06/2021,12.064412,4.73,3.5
18/06/2021,36.193233,26.17,0
19/06/2021,0,0,88.5
20/06/2021,36.193233,0.01,0
21/06/2021,3.8080232,1.06,1
22/06/2021,3.8080232,29.14,0
23/06/2021,0,0,0
24/06/2021,0,0,0
25/06/2021,1.9040116,3.55,0
26/06/2021,12.933567,3.36,0
27/06/2021,19.40035,0.2,22
28/06/2021,0,5.63,0
29/06/2021,0,0,5
30/06/2021,12.933567,53.87,0
01/07/2021,3.6865995,8.81,26.5
02/07/2021,7.373199,2.46,0.5
03/07/2021,3.6865995,0,18
04/07/2021,7.373199,0,0
05/07/2021,11.059798,10.06,0
06/07/2021,10.248608,10.84,12
07/07/2021,0,0.78,0
08/07/2021,0,0.46,14
09/07/2021,20.497215,1.2,0.5
10/07/2021,10.248608,0,1
11/07/2021,26.176184,29.8,1
12/07/2021,17.45079,3.24,3
13/07/2021,17.45079,8.54,1
14/07/2021,34.90158,58.68,36
15/07/2021,17.45079,33.58,59.5
16/07/2021,13.344553,0.02,0
17/07/2021,0,0,0
18/07/2021,6.6722765,0,0
19/07/2021,6.6722765,12.28,0
20/07/2021,0,0.73,44
21/07/2021,0,0.02,0.5
22/07/2021,0,0,0
23/07/2021,0,0,0
24/07/2021,0,0.1,0
25/07/2021,0,8.15,0
26/07/2021,0,0,2.5
27/07/2021,0,0,0
28/07/2021,3.3169885,0.04,0
29/07/2021,0,0,0
30/07/2021,0,31.52,1
31/07/2021,3.3169885,3.4,0.5
01/08/2021,6.7453556,0.12,0
02/08/2021,0,8.11,0
03/08/2021,6.7453556,13.36,0
04/08/2021,0,0,7.5
05/08/2021,0,0,0
06/08/2021,6.881017,0.03,5.5
07/08/2021,20.643051,0.19,0
08/08/2021,6.881017,0.72,4
09/08/2021,6.881017,20.76,0
10/08/2021,7.8640203,0.16,0
11/08/2021,10.269214,0.84,0
12/08/2021,5.134607,0.04,9
13/08/2021,15.40382,1.28,0
14/08/2021,15.40382,0.93,8
15/08/2021,0,0.07,3
16/08/2021,0,0.05,3
17/08/2021,24.423552,11.18,5
18/08/2021,24.423552,20.03,62.5
19/08/2021,36.635326,7.76,0
20/08/2021,0,0,63.5
21/08/2021,40.31196,7.34,2.5
22/08/2021,26.87464,8.51,74.5
23/08/2021,26.87464,53.81,76.5
24/08/2021,0,3.51,15.5
25/08/2021,53.74928,3.87,0.5
26/08/2021,0,0.09,6
27/08/2021,7.404745,0.46,1.5
28/08/2021,37.023727,17.19,6.5
29/08/2021,7.404745,11.09,7.5
30/08/2021,22.214235,27.62,3
31/08/2021,22.214235,5.97,12.5
01/09/2021,26.030096,5.8,9.5
02/09/2021,26.030096,31.89,10
03/09/2021,17.353397,31.82,24
04/09/2021,0,10.06,31
05/09/2021,8.676699,0,6.27458
06/09/2021,14.803392,0.02,21.87337
07/09/2021,0,4.49,5.4683423
08/09/2021,9.868928,42.26,10.936685
09/09/2021,4.934464,48.78,5.4683423
10/09/2021,4.934464,0.2,5.4683423
11/09/2021,0,0,14.692071
12/09/2021,12.103568,0.24,14.692071
13/09/2021,24.207136,0.07,29.384142
14/09/2021,24.207136,2.52,7.3460355
15/09/2021,12.103568,53.75,5.5
16/09/2021,5.1724596,0.04,28
17/09/2021,10.344919,0,0
18/09/2021,0,0.03,0
19/09/2021,5.1724596,0,0
20/09/2021,10.344919,0.54,0
21/09/2021,43.30137,43.3,94.5
22/09/2021,10.825342,0,47.5
23/09/2021,10.825342,9.2,0
24/09/2021,0,0.01,7
25/09/2021,10.825342,14.84,0
26/09/2021,6.691147,5.4,5.5
27/09/2021,0,14.45,0.5
28/09/2021,6.691147,1.91,0
29/09/2021,20.07344,0.52,0
30/09/2021,13.382294,3.34,19
01/10/2021,23.158089,0.56,1.5
02/10/2021,46.316177,77.68,0
03/10/2021,11.579044,123.63,75.5
04/10/2021,34.737133,8.09,10.5
05/10/2021,23.158089,32.69,56
06/10/2021,3.6904013,0.03,0
07/10/2021,0,0,12
08/10/2021,3.6904013,0,0
09/10/2021,7.3808026,0,0
10/10/2021,7.3808026,0,0
11/10/2021,16.909184,0,0
12/10/2021,0,13.76,40
13/10/2021,8.454592,1.01,0
14/10/2021,0,0,0
15/10/2021,0,0,0
16/10/2021,0,0.01,0
17/10/2021,0,0.12,0
18/10/2021,0,0.8,36.5
19/10/2021,39.509342,2.93,4.5
20/10/2021,39.509342,18.06,22
21/10/2021,0,0.32,39.5
22/10/2021,29.11923,6.7,4.5
23/10/2021,14.559615,6.22,1.5
24/10/2021,29.11923,14.04,0
25/10/2021,7.2798076,6.88,0.5
26/10/2021,0,4.38,29.5
27/10/2021,8.136578,0.05,7
28/10/2021,16.273155,1.56,0.5
29/10/2021,0,18.74,6
30/10/2021,0,0,0.5
31/10/2021,16.273155,0.15,9.5
01/11/2021,8.779241,1.28,20
02/11/2021,8.779241,0.66,16.5
03/11/2021,8.779241,15.96,3
04/11/2021,17.558481,4.12,0
05/11/2021,17.558481,10.25,67.5
06/11/2021,13.698289,11.68,13
07/11/2021,0,1.5,1.5
08/11/2021,13.698289,1.98,0
09/11/2021,27.396578,14.7,3
10/11/2021,0,0.04,101.5
11/11/2021,47.100384,3.45,0
12/11/2021,35.325287,188.19,55
13/11/2021,11.775096,0,13
14/11/2021,0,10.39,0
15/11/2021,11.775096,2.75,0
16/11/2021,7.3842998,3.68,3
17/11/2021,7.3842998,15.76,0
18/11/2021,0,0,1
19/11/2021,0,16.22,0
20/11/2021,7.3842998,1.23,0
21/11/2021,6.7974668,33.71,3.5
22/11/2021,6.7974668,2.81,12.5
23/11/2021,6.7974668,0.44,0.5
24/11/2021,0,0.02,14
25/11/2021,13.5949335,7.95,0
26/11/2021,0,4.98,6.5
27/11/2021,0,10.11,0
28/11/2021,0,0.16,1.5
29/11/2021,0,22.02,34.5
30/11/2021,31.337349,22,0
01/12/2021,3.8743095,6.72,0
02/12/2021,19.371548,3.164,0
03/12/2021,15.497238,61.25,0
04/12/2021,7.748619,42.17,0
05/12/2021,15.497238,9.96,0
06/12/2021,38.555527,140.76,36.5
07/12/2021,0,0.11,88.5
08/12/2021,0,0,0
09/12/2021,0,0.59,0
10/12/2021,0,0.63,0
11/12/2021,38.683846,2.52,0
12/12/2021,6.447308,0.1,24
13/12/2021,6.447308,7.35,0
14/12/2021,0,0.23,0.5
15/12/2021,0,0.24,2
16/12/2021,0,0.35,0
17/12/2021,0,0.07,0.5
18/12/2021,0,0,28
19/12/2021,28.374807,0.75,0
20/12/2021,0,0.01,0
21/12/2021,0,0,0.5
22/12/2021,0,0.43,0
23/12/2021,4.1988134,0.14,0
24/12/2021,4.1988134,0.04,0
25/12/2021,0,0.18,0
26/12/2021,0,0.13,0
27/12/2021,9.896789,0.1,0
28/12/2021,6.59786,2.16,0
29/12/2021,9.896789,1.49,3
30/12/2021,0,1.15,3.5
31/12/2021,0,2.67,0
01/01/2022,0,1.53,4.5
02/01/2022,0,0.33,19.5
03/01/2022,5.960766,0.04,5.5
04/01/2022,0,1.08,5
05/01/2022,0,0.41,0
06/01/2022,0,0.01,0
07/01/2022,0,0.03,0
08/01/2022,0,0,0
09/01/2022,0,0.04,0
10/01/2022,0,0.31,0
11/01/2022,0,1.04,0
12/01/2022,0,0.87,0
13/01/2022,7.302976,1.09,0
14/01/2022,0,0.76,0
15/01/2022,0,1.94,0
16/01/2022,0,1.15,0
17/01/2022,2.113751,0.83,0
18/01/2022,2.113751,0.11,0
19/01/2022,0,0.04,0
20/01/2022,2.113751,0.01,6.0490003
21/01/2022,1.7020884,0,14.039283
22/01/2022,3.4041767,0,0
23/01/2022,0,0.2,0
24/01/2022,0,0.09,3.5098207
25/01/2022,0,0.08,0
26/01/2022,10.333031,1.9,36.774097
27/01/2022,15.499545,13.54,24.516066
28/01/2022,10.333031,0.41,12.258033
29/01/2022,5.1665154,0,12.258033
30/01/2022,10.333031,1.49,0
31/01/2022,0,2.22,0
01/02/2022,0,0.56,5.2428107
02/02/2022,3.600825,0.27,0
03/02/2022,0,0.7,0
04/02/2022,0,0.19,0
05/02/2022,0,0.43,5.2428107
06/02/2022,2.2126908,0.26,3.3187392
07/02/2022,1.1063454,0.7,0
08/02/2022,0,0.42,3.3187392
09/02/2022,4.4253817,0.06,13.274957
10/02/2022,1.1063454,0.78,9.956217
11/02/2022,0,0.08,10.06305
12/02/2022,9.370736,6.44,30.189152
13/02/2022,0,0,0
14/02/2022,0,0.05,0
15/02/2022,0,55.61,0
16/02/2022,2.0898619,5.5,0
17/02/2022,0,0.02,0
18/02/2022,0,0.03,0
19/02/2022,2.0898619,0,15.202832
20/02/2022,0,9.69,7.601416
21/02/2022,4.811048,0.06,39.45478
22/02/2022,0,0.03,0
23/02/2022,0,0.21,0
24/02/2022,0,0.58,0
25/02/2022,0,1.06,0
26/02/2022,0,0.95,0
27/02/2022,3.8366518,0.14,3.3968537
28/02/2022,0,0.49,13.587415
01/03/2022,3.0236602,0.29,16.13676
02/03/2022,6.0473204,0.1,10.757841
03/03/2022,0,0,0
04/03/2022,3.0236602,0.01,5.3789206
05/03/2022,3.0236602,0,10.757841
06/03/2022,7.0534854,0,8.66057
07/03/2022,0,2.01,17.32114
08/03/2022,0,8.03,0
09/03/2022,28.213942,0.45,43.30285
10/03/2022,7.0534854,0.04,0
11/03/2022,19.467762,0.51,9.276455
12/03/2022,6.489254,0.02,4.6382275
13/03/2022,0,0.27,4.6382275
14/03/2022,0,0,4.6382275
15/03/2022,0,0.18,4.6382275
16/03/2022,6.9021506,26.79,5.652387
17/03/2022,6.9021506,0.32,5.652387
18/03/2022,13.804301,1.39,11.304774
19/03/2022,34.510754,52.06,0
20/03/2022,6.9021506,3.16,16.95716
21/03/2022,11.963134,0.92,23.767729
22/03/2022,5.981567,2.9,0
23/03/2022,0,0.41,0
24/03/2022,5.981567,0.16,0
25/03/2022,0,0.37,0
26/03/2022,0,0,0
27/03/2022,31.13698,10.31,33.53538
28/03/2022,10.378993,4.55,25.151535
29/03/2022,10.378993,0,16.76769
30/03/2022,0,0,0
31/03/2022,10.378993,0.08,25.151535
01/04/2022,0,0.11,0
02/04/2022,0,0.01,5.286495
03/04/2022,9.545988,0.04,5.286495
04/04/2022,0,25.38,5.286495
05/04/2022,9.545988,22,10.57299
06/04/2022,24.369493,8.59,16.056877
07/04/2022,16.246328,28.55,16.056877
08/04/2022,32.492657,7.87,16.056877
09/04/2022,16.246328,29.02,40.142197
10/04/2022,16.246328,21.48,8.028439
11/04/2022,0,0,0
12/04/2022,0.63108826,25.57,0
13/04/2022,0,0.02,0
14/04/2022,0,0,0
15/04/2022,0,0,0
16/04/2022,0,0.02,0
17/04/2022,0,0.02,0
18/04/2022,0,0.54,0
19/04/2022,0,2.34,6.9599814
20/04/2022,9.191818,1.25,13.919963
21/04/2022,0,0.14,7.787681
22/04/2022,8.832032,0.16,7.787681
23/04/2022,8.832032,0.05,7.787681
24/04/2022,8.832032,0.61,7.787681
25/04/2022,4.416016,12.95,7.787681
26/04/2022,8.495559,0.04,3.9283216
27/04/2022,16.991117,32.74,15.713286
28/04/2022,12.743337,53.38,7.856643
29/04/2022,8.495559,0.49,15.713286
30/04/2022,4.2477794,48.72,7.856643
01/05/2022,0,0.8,0
02/05/2022,0,0,0
03/05/2022,0,0,0
04/05/2022,11.598344,3.91,5.029337
05/05/2022,3.8661146,1.06,10.058674
06/05/2022,0,0.03,10.979037
07/05/2022,0,1.23,0
08/05/2022,39.51455,33.35,32.93711
09/05/2022,39.51455,15.84,32.93711
10/05/2022,29.635912,0,32.93711
11/05/2022,4.141941,0,9.038486
12/05/2022,4.141941,0.43,4.519243
13/05/2022,4.141941,5.22,4.519243
14/05/2022,0,0,4.519243
15/05/2022,0,0.02,4.519243
16/05/2022,0,0,0
17/05/2022,0,0,7.8360643
18/05/2022,0,0.01,7.8360643
19/05/2022,21.649374,32.26,7.8360643
20/05/2022,0,10.74,15.672129
21/05/2022,0,0.03,3.4593487
22/05/2022,4.862512,5.28,0
23/05/2022,2.431256,0.01,0
24/05/2022,0,0,3.4593487
25/05/2022,2.431256,0,6.9186974
26/05/2022,11.472486,9.17,21.926228
27/05/2022,3.824162,9.76,10.963114
28/05/2022,0,0.1,0
29/05/2022,0,0,0
30/05/2022,0,0,10.963114
31/05/2022,3.824162,0.02,0
01/06/2022,29.66047,6.47,16.238596
02/06/2022,0,3.97,8.119298
03/06/2022,0,23.52,8.119298
04/06/2022,9.886823,0,8.119298
05/06/2022,9.886823,4.62,0
06/06/2022,27.101616,8.62,26.665714
07/06/2022,18.067743,9.55,17.777143
08/06/2022,18.067743,0.04,8.888572
09/06/2022,9.033872,1.9,0
10/06/2022,36.135487,14.44,26.665714
11/06/2022,0,0.55,0
12/06/2022,35.108,0.46,0
13/06/2022,0,0.8,12.449633
14/06/2022,17.554,0.6,37.3489
15/06/2022,0,0.14,0
16/06/2022,17.602732,11.26,8.305968
17/06/2022,28.923353,1.13,16.185942
18/06/2022,37.752247,15.97,20.300997
19/06/2022,31.113297,0.51,20.899912
20/06/2022,37.9543,26.43,23.784996
21/06/2022,19.363874,1.39,4.643245
22/06/2022,0,4.14,0
23/06/2022,0,2.07,4.643245
24/06/2022,19.363874,0.65,13.929736
25/06/2022,0,5.91,9.28649
26/06/2022,0,0,0
27/06/2022,5.1576257,0.064,0
28/06/2022,25.788128,8.87,12.905211
29/06/2022,20.630503,7.97,0
30/06/2022,15.472877,2.15,12.905211
01/07/2022,13.452524,12.51,0
02/07/2022,0,0,3.6760345
03/07/2022,0,0.01,3.6760345
04/07/2022,0,0,3.6760345
05/07/2022,3.363131,0.03,7.352069
06/07/2022,7.694662,9.5,19.83479
07/07/2022,0,0.07,0
08/07/2022,7.694662,0.36,9.917395
09/07/2022,23.083984,8.96,29.752184
10/07/2022,0,1.51,9.917395
11/07/2022,0,2.29,0
12/07/2022,0,3.98,0
13/07/2022,16.133581,30.13,0
14/07/2022,0,2.41,0
15/07/2022,16.133581,0,28.776539
16/07/2022,4.495019,0.08,10.630267
17/07/2022,3.9331415,2.98,4.650742
18/07/2022,7.866283,0,13.952226
19/07/2022,0,0.04,0
20/07/2022,0,0.01,13.952226
21/07/2022,0,0,0
22/07/2022,16.739218,0.57,8.046216
23/07/2022,8.369609,0,8.046216
24/07/2022,25.108828,2.94,16.092432
25/07/2022,16.739218,7.21,32.184864
26/07/2022,38.876186,16.09,35.283344
27/07/2022,19.438093,15.57,8.820836
28/07/2022,9.719047,0.41,8.820836
29/07/2022,19.438093,0.04,17.641672
30/07/2022,0,0,17.641672
31/07/2022,19.438093,27.93,17.641672
01/08/2022,6.3466964,0.19,7.200977
02/08/2022,0,0.01,0
03/08/2022,6.3466964,5.29,0
04/08/2022,6.3466964,7.96,14.401954
05/08/2022,31.733482,24.32,21.60293
06/08/2022,38.506847,24.51,25.935831
07/08/2022,7.70137,5.19,0
08/08/2022,0,0.39,12.967916
09/08/2022,7.70137,0,0
10/08/2022,0,0.05,12.967916
11/08/2022,0,0.05,0
12/08/2022,3.802864,0,0
13/08/2022,0,0.05,4.060675
14/08/2022,7.605728,0.04,4.060675
15/08/2022,7.605728,0.05,12.182025
16/08/2022,6.3415475,0,6.851383
17/08/2022,3.1707737,0,3.4256916
18/08/2022,6.3415475,,3.4256916
19/08/2022,0,,0
20/08/2022,3.1707737,,6.851383
21/08/2022,9.26032,,5.040536
22/08/2022,9.26032,,15.121607
23/08/2022,9.26032,,15.121607
24/08/2022,9.26032,,10.081072
25/08/2022,18.52064,,5.040536
26/08/2022,11.53569,,8.746468
27/08/2022,5.767845,,0
28/08/2022,5.767845,,8.746468
29/08/2022,0,,0
30/08/2022,17.303535,,17.492935
31/08/2022,17.303535,,0
,0,0,0
,104.615265,188.19,227.5
